{"accuracy": [0.5157018303871155, 0.7482028007507324, 0.82765793800354, 0.8671963810920715, 0.8991675972938538, 0.9211123585700989, 0.9207339882850647, 0.9449489116668701, 0.954975426197052], "loss": [1.1309350728988647, 0.6723048090934753, 0.4689043462276459, 0.35956403613090515, 0.2815868854522705, 0.22025005519390106, 0.20760656893253326, 0.16017043590545654, 0.13348780572414398], "val_accuracy": [0.6735865473747253, 0.83878093957901, 0.8970848321914673, 0.9266784191131592, 0.9408127069473267, 0.9505300521850586, 0.9487632513046265, 0.9593639373779297, 0.9611307382583618], "val_loss": [0.8067304491996765, 0.47074565291404724, 0.31370243430137634, 0.22802111506462097, 0.17589464783668518, 0.14259327948093414, 0.13927170634269714, 0.11528079956769943, 0.12083723396062851]}